{
  "MSELoss": {
    "train": [
      0.06812668065230051, 0.040444247284356284, 0.030034478742117975,
      0.023032712835599396, 0.020678871882732448, 0.016912362642663843,
      0.017651159474808796, 0.015247462891480502, 0.01403094594165975,
      0.011849177683904475, 0.005929786055789651, 0.0035438217490674087,
      0.0027233921350082657, 0.0022794670529843893, 0.0019071048418203753,
      0.001612380223443467, 0.0014302392903568141, 0.0012721721176626934,
      0.0011299043152802387
    ],
    "val": [
      0.07140149176120758, 0.04603613168001175, 0.01588789001107216,
      0.021408258005976677, 0.0015639654593542218, 0.0001325979537796229,
      0.008186242543160915, 0.025612983852624893, 0.012212875299155712,
      0.019440196454524994, 2.9686327252420597e-5, 0.011445222422480583,
      0.000220879286644049, 0.00012404944573063403, 0.0001337343273917213,
      1.591106047271751e-5, 1.585334030096419e-5, 3.2668006042513298e-6,
      1.6063938801380573e-6
    ]
  },
  "KLDivLoss": {
    "train": [
      1.0290123296251483, 0.5090132755859226, 0.4013075533333947,
      0.285903705592249, 0.28374932525204677, 0.16453578684844222,
      0.17153433394198325, 0.17610686282316843, 0.14426393858357972,
      0.14028449706587137, 0.03047450575502772, 0.0052168189695871925,
      0.002953750310538738, 0.0021810849949114902, 0.0017200162623296766,
      0.0014347319261230273
    ],
    "val": [
      0.8211848735809326, 0.5720961689949036, 0.11885878443717957,
      0.12795820832252502, 0.8327281475067139, 0.5064742565155029,
      0.18198709189891815, 0.297732412815094, 0.05510169267654419,
      0.08312632888555527, 0.02671324834227562, 0.001980358501896262,
      0.0031262997072190046, 0.00042078638216480613, 0.0011522503336891532,
      0.00022824974439572543
    ]
  },
  "CrossEntropyLoss": {
    "train": [
      1.4378225261557336, 0.6547695191233766, 0.4937151513964522,
      0.34358232640752606, 0.30932188153120815, 0.25455659994892044,
      0.21957198427588331, 0.17234580031212637, 0.16457113497981837,
      0.1754489311371364, 0.0510984124787444, 0.013295066269735496,
      0.006405889274296807, 0.004034046109254454, 0.0030284038902141665,
      0.0022641933074805374, 0.001797521472977036, 0.0014670577336230552,
      0.0013707188326025418, 0.001641309446079985, 0.0009934165952818505,
      0.0009652031159174501, 0.0009402632236243317, 0.0009171009389683604,
      0.000896501655407323
    ],
    "val": [
      0.8064293265342712, 0.5086094737052917, 0.13210628926753998,
      0.28806719183921814, 0.02487836219370365, 0.35068467259407043,
      0.12101194262504578, 0.07674388587474823, 0.07589646428823471,
      0.3157285153865814, 0.005825779866427183, 0.004912007600069046,
      0.06294108182191849, 0.0015958026051521301, 0.0004014986043330282,
      0.0016563638346269727, 0.000318741804221645, 0.0007139234221540391,
      0.022371942177414894, 0.0007130881422199309, 0.0006392088253051043,
      0.0005265393410809338, 0.000751483952626586, 0.0007073045126162469,
      0.000899569655302912
    ]
  },
  "NLLLoss": {
    "train": [
      1.287985620171416, 0.6697281274608538, 0.46123871158151064,
      0.34570472448479894, 0.3081582406689139, 0.21473332287049762,
      0.2542907222345764, 0.2030236174546036, 0.19814377428854213,
      0.17410995888943764, 0.04994786925175611, 0.011039988329889727,
      0.006175058199932762, 0.004374193733411969, 0.0027980868446448926,
      0.002143710679523008, 0.0016930509389232041, 0.0013177009850429992,
      0.001284378011386805, 0.00126412011605377, 0.0010442330354970752,
      0.0008722665084539638, 0.0008334114389749719, 0.0008153159992641532,
      0.0007977405572812274, 0.0007865842882607717, 0.000755182697543847,
      0.0007558344634633292
    ],
    "val": [
      0.5009657740592957, 1.0112214088439941, 0.21475470066070557,
      0.3650500476360321, 0.2246006578207016, 0.3443448841571808,
      0.3665020763874054, 0.28603556752204895, 0.3117108643054962,
      0.29880496859550476, 0.04016571119427681, 0.015263277105987072,
      0.17231601476669312, 0.002394594019278884, 0.00039524465682916343,
      0.00014269071107264608, 0.0008186165359802544, 0.0004995401832275093,
      0.0003676664491649717, 0.0002609618823044002, 0.13087454438209534,
      0.00017186261538881809, 0.00041852123104035854, 0.0002178690629079938,
      0.00012094882549718022, 0.001326918601989746, 7.748029747745022e-5,
      0.00045855226926505566
    ]
  }
}
